"IPAddress","LinkLayerAddress","State","InterfaceAlias"
"ff02::1:fff1:243e","33-33-FF-F1-24-3E","Permanent","Ethernet 3"
"ff02::1:3","33-33-00-01-00-03","Permanent","Ethernet 3"
"ff02::1:2","33-33-00-01-00-02","Permanent","Ethernet 3"
"ff02::fb","33-33-00-00-00-FB","Permanent","Ethernet 3"
"ff02::16","33-33-00-00-00-16","Permanent","Ethernet 3"
"ff02::2","33-33-00-00-00-02","Permanent","Ethernet 3"
"ff02::1","33-33-00-00-00-01","Permanent","Ethernet 3"
"fe80::862a:fdff:fe96:7f12","00-00-00-00-00-00","Unreachable","Ethernet 3"
"ff02::1:ff93:5641","33-33-FF-93-56-41","Permanent","Ethernet 2"
"ff02::1:3","33-33-00-01-00-03","Permanent","Ethernet 2"
"ff02::1:2","33-33-00-01-00-02","Permanent","Ethernet 2"
"ff02::fb","33-33-00-00-00-FB","Permanent","Ethernet 2"
"ff02::16","33-33-00-00-00-16","Permanent","Ethernet 2"
"ff02::2","33-33-00-00-00-02","Permanent","Ethernet 2"
"ff02::1","33-33-00-00-00-01","Permanent","Ethernet 2"
"fe80::862a:fdff:fe96:7f12","00-00-00-00-00-00","Unreachable","Ethernet 2"
"ff02::1:ff00:2","","Permanent","Hetzner"
"ff02::1:3","","Permanent","Hetzner"
"ff02::fb","","Permanent","Hetzner"
"ff02::16","","Permanent","Hetzner"
"ff02::c","","Permanent","Hetzner"
"fec0:0:0:ffff::3","","Stale","Hetzner"
"fec0:0:0:ffff::2","","Stale","Hetzner"
"fec0:0:0:ffff::1","","Stale","Hetzner"
"2a0a:ef40:ffff:206::5","","Stale","Hetzner"
"2a0a:ef40:ffff:206::4","","Stale","Hetzner"
"2a0a:ef40:ffff:206::3","","Stale","Hetzner"
"2a0a:ef40:ffff:206::2","","Stale","Hetzner"
"2a06:98c1:3102::6812:2929","","Unreachable","Hetzner"
"2a06:98c1:58::175","","Unreachable","Hetzner"
"2a04:4e42:6b::763","","Unreachable","Hetzner"
"2a04:4e42:6b::762","","Unreachable","Hetzner"
"2a04:4e42:6b::760","","Unreachable","Hetzner"
"2a04:4e42:6b::684","","Stale","Hetzner"
"2a04:4e42:6b::644","","Unreachable","Hetzner"
"2a04:4e42:6b::347","","Unreachable","Hetzner"
"2a03:90c0:888c::888c","","Stale","Hetzner"
"2a03:2880:f013:d:face:b00c:0:3","","Unreachable","Hetzner"
"2a03:2880:f00a:e:face:b00c:0:3","","Unreachable","Hetzner"
"2a02:26f0:e80:197::2c1a","","Stale","Hetzner"
"2a02:26f0:e80:192::2c1a","","Stale","Hetzner"
"2a02:26f0:e80:189::4106","","Stale","Hetzner"
"2a02:26f0:e80:187::4106","","Stale","Hetzner"
"2a00:1450:4026:805::2016","","Stale","Hetzner"
"2a00:1450:4026:805::200e","","Unreachable","Hetzner"
"2a00:1450:4026:805::200a","","Unreachable","Hetzner"
"2a00:1450:4026:804::2016","","Stale","Hetzner"
"2a00:1450:4026:804::200e","","Unreachable","Hetzner"
"2a00:1450:4026:804::200a","","Unreachable","Hetzner"
"2a00:1450:4026:804::2004","","Unreachable","Hetzner"
"2a00:1450:4026:804::2003","","Unreachable","Hetzner"
"2a00:1450:4026:803::2016","","Unreachable","Hetzner"
"2a00:1450:4026:803::200e","","Unreachable","Hetzner"
"2a00:1450:4026:803::200a","","Unreachable","Hetzner"
"2a00:1450:4026:803::2008","","Unreachable","Hetzner"
"2a00:1450:4026:803::2003","","Unreachable","Hetzner"
"2a00:1450:4026:803::2002","","Unreachable","Hetzner"
"2a00:1450:4026:802::2016","","Unreachable","Hetzner"
"2a00:1450:4026:802::200e","","Unreachable","Hetzner"
"2a00:1450:4026:802::200a","","Unreachable","Hetzner"
"2a00:1450:4026:802::2004","","Unreachable","Hetzner"
"2a00:1450:4026:802::2001","","Unreachable","Hetzner"
"2a00:1450:4026:800::2016","","Unreachable","Hetzner"
"2a00:1450:4026:800::2014","","Unreachable","Hetzner"
"2a00:1450:4026:800::200e","","Unreachable","Hetzner"
"2a00:1450:4026:800::200a","","Unreachable","Hetzner"
"2a00:1450:4026:800::2004","","Stale","Hetzner"
"2a00:1450:4026:800::2003","","Unreachable","Hetzner"
"2a00:1450:4010:c0f::bc","","Unreachable","Hetzner"
"2a00:1450:4010:c0e::bc","","Unreachable","Hetzner"
"2a00:1450:4010:c0b::54","","Unreachable","Hetzner"
"2a00:1450:4010:c08::bc","","Unreachable","Hetzner"
"2a00:1450:4010:c03::bc","","Unreachable","Hetzner"
"2a00:1450:4008:801::2003","","Unreachable","Hetzner"
"2620:1ec:bdf::254","","Stale","Hetzner"
"2620:1ec:bdf::53","","Unreachable","Hetzner"
"2620:1ec:bdf::45","","Unreachable","Hetzner"
"2620:1ec:50::17","","Unreachable","Hetzner"
"2620:1ec:46::254","","Stale","Hetzner"
"2620:1ec:46::53","","Unreachable","Hetzner"
"2620:1ec:46::45","","Probe","Hetzner"
"2620:1ec:44::254","","Stale","Hetzner"
"2620:1ec:33:1::11","","Unreachable","Hetzner"
"2620:1ec:33::11","","Unreachable","Hetzner"
"2607:f8b0:4004:c21::5e","","Stale","Hetzner"
"2606:50c0:8003::154","","Unreachable","Hetzner"
"2606:50c0:8003::153","","Unreachable","Hetzner"
"2606:50c0:8002::154","","Stale","Hetzner"
"2606:50c0:8002::153","","Unreachable","Hetzner"
"2606:50c0:8001::154","","Stale","Hetzner"
"2606:50c0:8001::153","","Stale","Hetzner"
"2606:50c0:8000::154","","Stale","Hetzner"
"2606:50c0:8000::153","","Stale","Hetzner"
"2606:4700:440a::6812:2459","","Unreachable","Hetzner"
"2606:4700:4409::ac40:97a7","","Stale","Hetzner"
"2606:4700:4407::ac40:92d7","","Unreachable","Hetzner"
"2606:4700:3032::ac43:8c6a","","Unreachable","Hetzner"
"2606:4700:3031::6815:2e9b","","Stale","Hetzner"
"2606:4700:20::ac43:4a80","","Stale","Hetzner"
"2606:4700:20::ac43:48c7","","Unreachable","Hetzner"
"2606:4700:20::ac43:4519","","Unreachable","Hetzner"
"2606:4700:20::681a:b92","","Stale","Hetzner"
"2606:4700:20::681a:a92","","Stale","Hetzner"
"2606:4700:20::681a:9b4","","Unreachable","Hetzner"
"2606:4700:20::681a:8b4","","Unreachable","Hetzner"
"2606:4700:20::681a:585","","Stale","Hetzner"
"2606:4700:20::681a:485","","Stale","Hetzner"
"2606:4700:10::ac42:9a31","","Unreachable","Hetzner"
"2606:4700:10::6814:11cb","","Unreachable","Hetzner"
"2606:4700:7::a29f:8aea","","Unreachable","Hetzner"
"2606:4700:7::a29f:89ea","","Unreachable","Hetzner"
"2606:4700:7::a29f:82eb","","Unreachable","Hetzner"
"2606:4700:7::a29f:81eb","","Stale","Hetzner"
"2606:4700:7::a29f:80eb","","Unreachable","Hetzner"
"2606:4700:7::175","","Unreachable","Hetzner"
"2606:4700::6812:1dea","","Unreachable","Hetzner"
"2606:4700::6812:1cea","","Unreachable","Hetzner"
"2604:1380:45f1:e200::1","","Stale","Hetzner"
"2603:1063:2001:2c03::365:ff1","","Stale","Hetzner"
"2603:1063:2001:2c02::365:ff1","","Stale","Hetzner"
"2603:1063:2001:2c01::365:ff1","","Stale","Hetzner"
"2603:1063:2001:2c00::365:ff1","","Stale","Hetzner"
"2603:1063:27:2::14","","Stale","Hetzner"
"2603:1063:27:1::14","","Stale","Hetzner"
"2603:1063:21:182::365:7ea3","","Stale","Hetzner"
"2603:1063:21:17b::365:7ea3","","Stale","Hetzner"
"2603:1063:21:178::365:7ea3","","Stale","Hetzner"
"2603:1063:21:16a::365:7ea3","","Stale","Hetzner"
"2603:1063:21:169::365:7ea3","","Unreachable","Hetzner"
"2603:1063:21:168::365:7ea3","","Stale","Hetzner"
"2603:1063:21:15d::365:7ea3","","Unreachable","Hetzner"
"2603:1063:21:154::365:7ea3","","Stale","Hetzner"
"2603:1063:21:153::365:7ea3","","Stale","Hetzner"
"2603:1063:21:14d::365:7ea3","","Stale","Hetzner"
"2603:1063:21:14c::365:7ea3","","Stale","Hetzner"
"2603:1063:21:14a::365:7ea3","","Unreachable","Hetzner"
"2603:1063:21:148::365:7ea3","","Stale","Hetzner"
"2603:1063:21:147::365:7ea3","","Stale","Hetzner"
"2603:1063:21:140::365:7ea3","","Stale","Hetzner"
"2603:1063:21:13f::365:7ea3","","Unreachable","Hetzner"
"2603:1063:21:139::365:7ea3","","Stale","Hetzner"
"2603:1063:21:133::365:7ea3","","Stale","Hetzner"
"2603:1063:21:12b::365:7ea3","","Unreachable","Hetzner"
"2603:1063:21:129::365:7ea3","","Stale","Hetzner"
"2603:1063:21:125::365:7ea3","","Stale","Hetzner"
"2603:1063:21:11e::365:7ea3","","Unreachable","Hetzner"
"2603:1063:21:11c::365:7ea3","","Stale","Hetzner"
"2603:1063:21:119::365:7ea3","","Stale","Hetzner"
"2603:1063:21:118::365:7ea3","","Stale","Hetzner"
"2603:1063:21:10f::365:7ea3","","Stale","Hetzner"
"2603:1063:21:10e::365:7ea3","","Stale","Hetzner"
"2603:1063:21:10d::365:7ea3","","Stale","Hetzner"
"2603:1063:21:108::365:7ea3","","Stale","Hetzner"
"2603:1063:21:107::365:7ea3","","Stale","Hetzner"
"2603:1063:21:103::365:7ea3","","Stale","Hetzner"
"2603:1063:21:102::365:7ea3","","Unreachable","Hetzner"
"2603:1063:17:103::365:7ea3","","Stale","Hetzner"
"2603:1063:17:102::365:7ea3","","Unreachable","Hetzner"
"2603:1063:17:101::365:7ea3","","Stale","Hetzner"
"2603:1063:17:100::365:7ea3","","Stale","Hetzner"
"2603:1061:10:1::16","","Unreachable","Hetzner"
"2603:1061:10::16","","Unreachable","Hetzner"
"2603:1030:f05:b::3b2","","Stale","Hetzner"
"2603:1030:c06:15::47d","","Stale","Hetzner"
"2603:1030:a07:e::102","","Stale","Hetzner"
"2603:1030:a07:e::101","","Unreachable","Hetzner"
"2603:1030:a07:e::100","","Unreachable","Hetzner"
"2603:1030:a07:9::320","","Stale","Hetzner"
"2603:1030:608:c::373","","Stale","Hetzner"
"2603:1030:608:c::371","","Stale","Hetzner"
"2603:1030:504:d::742","","Stale","Hetzner"
"2603:1030:408:7::3d","","Stale","Hetzner"
"2603:1030:210:21::561","","Stale","Hetzner"
"2603:1030:13:201::254","","Stale","Hetzner"
"2603:1030:13:200::254","","Stale","Hetzner"
"2603:1030:10:12::387","","Stale","Hetzner"
"2603:1027:1:108::f","","Stale","Hetzner"
"2603:1027:1:108::e","","Stale","Hetzner"
"2603:1027:1:108::b","","Stale","Hetzner"
"2603:1027:1:108::9","","Stale","Hetzner"
"2603:1027:1:108::6","","Stale","Hetzner"
"2603:1027:1:108::4","","Stale","Hetzner"
"2603:1026:3000:110::5","","Stale","Hetzner"
"2603:1026:3000:110::3","","Stale","Hetzner"
"2603:1026:3000:28::83","","Stale","Hetzner"
"2603:1026:3000:28::82","","Stale","Hetzner"
"2603:1026:3000:28::81","","Stale","Hetzner"
"2603:1026:2406::5","","Stale","Hetzner"
"2603:1026:2405:1::5e","","Stale","Hetzner"
"2603:1026:2405::8","","Stale","Hetzner"
"2603:1026:c03:707d::2","","Stale","Hetzner"
"2603:1026:c03:7078::2","","Stale","Hetzner"
"2603:1026:c03:7077::2","","Stale","Hetzner"
"2603:1026:c03:7076::2","","Stale","Hetzner"
"2603:1026:c03:7073::2","","Stale","Hetzner"
"2603:1026:c03:706c::2","","Stale","Hetzner"
"2603:1026:c03:7068::2","","Stale","Hetzner"
"2603:1026:c03:7066::2","","Stale","Hetzner"
"2603:1026:c03:7065::2","","Stale","Hetzner"
"2603:1026:c03:6026::2","","Stale","Hetzner"
"2603:1026:207:18b::2","","Stale","Hetzner"
"2603:1026:207:177::2","","Stale","Hetzner"
"2603:1026:204:2::2","","Stale","Hetzner"
"2603:1020:805:3::400","","Stale","Hetzner"
"2603:1020:802:3::c2","","Stale","Hetzner"
"2603:1020:201:10::10f","","Stale","Hetzner"
"2603:1020:5:d::3a1","","Stale","Hetzner"
"2602:f79a::2","","Unreachable","Hetzner"
"2602:f79a::1","","Unreachable","Hetzner"
"2600:9000:28f7:fe00:11:f728:3040:93a1","","Stale","Hetzner"
"2600:9000:28f7:f600:11:f728:3040:93a1","","Stale","Hetzner"
"2600:9000:28f7:ee00:11:f728:3040:93a1","","Stale","Hetzner"
"2600:9000:28f7:e800:11:f728:3040:93a1","","Stale","Hetzner"
"2600:9000:28f7:dc00:11:f728:3040:93a1","","Stale","Hetzner"
"2600:9000:28f7:da00:11:f728:3040:93a1","","Stale","Hetzner"
"2600:9000:28f7:c800:11:f728:3040:93a1","","Stale","Hetzner"
"2600:9000:28f7:b400:11:f728:3040:93a1","","Stale","Hetzner"
"2600:9000:28f7:b000:11:f728:3040:93a1","","Stale","Hetzner"
"2600:9000:28f7:ae00:11:f728:3040:93a1","","Stale","Hetzner"
"2600:9000:28f7:ac00:11:f728:3040:93a1","","Stale","Hetzner"
"2600:9000:28f7:aa00:11:f728:3040:93a1","","Stale","Hetzner"
"2600:9000:28f7:a400:11:f728:3040:93a1","","Stale","Hetzner"
"2600:9000:28f7:7800:11:f728:3040:93a1","","Stale","Hetzner"
"2600:9000:28f7:6000:11:f728:3040:93a1","","Stale","Hetzner"
"2600:9000:28f7:5a00:11:f728:3040:93a1","","Stale","Hetzner"
"2600:9000:28f7:4800:11:f728:3040:93a1","","Stale","Hetzner"
"2600:9000:28f7:4000:11:f728:3040:93a1","","Stale","Hetzner"
"2600:9000:28f7:3400:11:f728:3040:93a1","","Stale","Hetzner"
"2600:9000:28f7:2600:11:f728:3040:93a1","","Stale","Hetzner"
"2600:9000:28f7:c00:11:f728:3040:93a1","","Stale","Hetzner"
"2600:9000:28f7:0:11:f728:3040:93a1","","Stale","Hetzner"
"2600:9000:2375:fa00:12:94b3:c380:93a1","","Unreachable","Hetzner"
"2600:9000:2375:9c00:12:94b3:c380:93a1","","Stale","Hetzner"
"2600:9000:2375:8e00:12:94b3:c380:93a1","","Stale","Hetzner"
"2600:9000:2375:7200:12:94b3:c380:93a1","","Stale","Hetzner"
"2600:9000:2375:6c00:11:9cfd:9400:93a1","","Stale","Hetzner"
"2600:9000:2375:5e00:11:9cfd:9400:93a1","","Stale","Hetzner"
"2600:9000:2375:5400:11:9cfd:9400:93a1","","Unreachable","Hetzner"
"2600:9000:2375:4600:12:94b3:c380:93a1","","Stale","Hetzner"
"2600:9000:2375:4200:11:9cfd:9400:93a1","","Stale","Hetzner"
"2600:9000:2375:3c00:11:9cfd:9400:93a1","","Stale","Hetzner"
"2600:9000:2375:3600:11:9cfd:9400:93a1","","Stale","Hetzner"
"2600:9000:2375:3000:12:94b3:c380:93a1","","Stale","Hetzner"
"2600:9000:2375:3000:11:9cfd:9400:93a1","","Stale","Hetzner"
"2600:9000:2375:1800:12:94b3:c380:93a1","","Stale","Hetzner"
"2600:9000:2375:1000:11:9cfd:9400:93a1","","Stale","Hetzner"
"2600:9000:2375:200:12:94b3:c380:93a1","","Stale","Hetzner"
"2600:9000:2368:fc00:d:7e9b:1200:93a1","","Stale","Hetzner"
"2600:9000:2368:f600:1e:c86:4140:93a1","","Stale","Hetzner"
"2600:9000:2368:f400:2:de67:3280:93a1","","Stale","Hetzner"
"2600:9000:2368:ec00:1e:c86:4140:93a1","","Stale","Hetzner"
"2600:9000:2368:ec00:d:7e9b:1200:93a1","","Stale","Hetzner"
"2600:9000:2368:e800:2:de67:3280:93a1","","Stale","Hetzner"
"2600:9000:2368:de00:2:de67:3280:93a1","","Stale","Hetzner"
"2600:9000:2368:da00:d:7e9b:1200:93a1","","Stale","Hetzner"
"2600:9000:2368:d400:1e:c86:4140:93a1","","Stale","Hetzner"
"2600:9000:2368:d000:d:7e9b:1200:93a1","","Unreachable","Hetzner"
"2600:9000:2368:ce00:1e:c86:4140:93a1","","Unreachable","Hetzner"
"2600:9000:2368:c600:1e:c86:4140:93a1","","Stale","Hetzner"
"2600:9000:2368:c200:2:de67:3280:93a1","","Stale","Hetzner"
"2600:9000:2368:ac00:2:de67:3280:93a1","","Stale","Hetzner"
"2600:9000:2368:a600:1e:c86:4140:93a1","","Stale","Hetzner"
"2600:9000:2368:a600:2:de67:3280:93a1","","Stale","Hetzner"
"2600:9000:2368:9e00:2:de67:3280:93a1","","Stale","Hetzner"
"2600:9000:2368:9600:2:de67:3280:93a1","","Stale","Hetzner"
"2600:9000:2368:9400:2:de67:3280:93a1","","Unreachable","Hetzner"
"2600:9000:2368:9200:d:7e9b:1200:93a1","","Stale","Hetzner"
"2600:9000:2368:8400:d:7e9b:1200:93a1","","Stale","Hetzner"
"2600:9000:2368:7c00:2:de67:3280:93a1","","Stale","Hetzner"
"2600:9000:2368:7200:2:de67:3280:93a1","","Stale","Hetzner"
"2600:9000:2368:7000:2:de67:3280:93a1","","Stale","Hetzner"
"2600:9000:2368:6000:d:7e9b:1200:93a1","","Stale","Hetzner"
"2600:9000:2368:5c00:2:de67:3280:93a1","","Stale","Hetzner"
"2600:9000:2368:5a00:d:7e9b:1200:93a1","","Stale","Hetzner"
"2600:9000:2368:5600:d:7e9b:1200:93a1","","Stale","Hetzner"
"2600:9000:2368:5400:1e:c86:4140:93a1","","Stale","Hetzner"
"2600:9000:2368:5200:1e:c86:4140:93a1","","Unreachable","Hetzner"
"2600:9000:2368:5200:d:7e9b:1200:93a1","","Stale","Hetzner"
"2600:9000:2368:5000:d:7e9b:1200:93a1","","Stale","Hetzner"
"2600:9000:2368:4c00:2:de67:3280:93a1","","Stale","Hetzner"
"2600:9000:2368:4a00:d:7e9b:1200:93a1","","Stale","Hetzner"
"2600:9000:2368:4800:1e:c86:4140:93a1","","Stale","Hetzner"
"2600:9000:2368:4600:2:de67:3280:93a1","","Stale","Hetzner"
"2600:9000:2368:3c00:2:de67:3280:93a1","","Stale","Hetzner"
"2600:9000:2368:3200:1e:c86:4140:93a1","","Stale","Hetzner"
"2600:9000:2368:3000:1e:c86:4140:93a1","","Stale","Hetzner"
"2600:9000:2368:2600:d:7e9b:1200:93a1","","Stale","Hetzner"
"2600:9000:2368:2400:1e:c86:4140:93a1","","Stale","Hetzner"
"2600:9000:2368:2200:2:de67:3280:93a1","","Unreachable","Hetzner"
"2600:9000:2368:2000:1e:c86:4140:93a1","","Stale","Hetzner"
"2600:9000:2368:1800:1e:c86:4140:93a1","","Stale","Hetzner"
"2600:9000:2368:1600:2:de67:3280:93a1","","Stale","Hetzner"
"2600:9000:2368:1200:2:de67:3280:93a1","","Stale","Hetzner"
"2600:9000:2368:e00:1e:c86:4140:93a1","","Stale","Hetzner"
"2600:9000:2368:c00:d:7e9b:1200:93a1","","Stale","Hetzner"
"2600:9000:2368:a00:d:7e9b:1200:93a1","","Stale","Hetzner"
"2600:9000:2368:a00:2:de67:3280:93a1","","Stale","Hetzner"
"2600:9000:2368:800:2:de67:3280:93a1","","Stale","Hetzner"
"2600:9000:2368:200:2:de67:3280:93a1","","Stale","Hetzner"
"2600:9000:2368:0:d:7e9b:1200:93a1","","Stale","Hetzner"
"2600:9000:2368:0:2:de67:3280:93a1","","Stale","Hetzner"
"2600:9000:2016:ea00:11:f728:3040:93a1","","Stale","Hetzner"
"2600:9000:2016:e200:11:f728:3040:93a1","","Stale","Hetzner"
"2600:9000:2016:d600:11:f728:3040:93a1","","Stale","Hetzner"
"2600:9000:2016:c400:11:f728:3040:93a1","","Stale","Hetzner"
"2600:9000:2016:a600:11:f728:3040:93a1","","Stale","Hetzner"
"2600:9000:2016:a200:11:f728:3040:93a1","","Stale","Hetzner"
"2600:9000:2016:9600:11:f728:3040:93a1","","Stale","Hetzner"
"2600:9000:2016:5600:11:f728:3040:93a1","","Stale","Hetzner"
"2600:1901:1:ca7::","","Unreachable","Hetzner"
"2600:1901:1:7c5::","","Unreachable","Hetzner"
"2600:1901:1:4be::","","Unreachable","Hetzner"
"2600:1901:1:292::","","Unreachable","Hetzner"
"2600:1901:0:5e8a::","","Stale","Hetzner"
"2600:1901:0:47fc::","","Unreachable","Hetzner"
"2600:1900:4110:86f::","","Stale","Hetzner"
"2407:30c0:182::aa72:3405","","Stale","Hetzner"
"2001:4860:4860::8888","","Stale","Hetzner"
"2001:4860:482d:7700::","","Unreachable","Hetzner"
"2001:4860:482c:7700::","","Stale","Hetzner"
"2001:4860:482b:7700::","","Stale","Hetzner"
"2001:4860:482a:7700::","","Stale","Hetzner"
"2001:4860:4829:7700::","","Stale","Hetzner"
"2001:4860:4828:7700::","","Stale","Hetzner"
"2001:4860:4827:7700::","","Stale","Hetzner"
"2001:4860:4826:7700::","","Stale","Hetzner"
"2001:4860:4802:38::223","","Stale","Hetzner"
"2001:4860:4802:36::223","","Unreachable","Hetzner"
"2001:4860:4802:34::223","","Unreachable","Hetzner"
"2001:4860:4802:34::9f","","Stale","Hetzner"
"2001:4860:4802:34::9d","","Unreachable","Hetzner"
"2001:4860:4802:32::223","","Stale","Hetzner"
"2001:2030:22::3e73:fd31","","Unreachable","Hetzner"
"2001:2030:22::3e73:fd28","","Unreachable","Hetzner"
"2001:2030:22::210:ab3b","","Unreachable","Hetzner"
"2001:2030:22::210:ab31","","Unreachable","Hetzner"
"2001:2030:21:1b7::21cc","","Stale","Hetzner"
"2001:2030:21:1af::21cc","","Stale","Hetzner"
"2001:2030:21:1a6::21cc","","Stale","Hetzner"
"2001:2030:21:18e::21cc","","Stale","Hetzner"
"2001:2030:21:18d::21cc","","Stale","Hetzner"
"2001:2030:21:18a::21cc","","Stale","Hetzner"
"2001:2030:21:188::21cc","","Stale","Hetzner"
"2001:2030:21::50ef:89ab","","Stale","Hetzner"
"2001:2030:21::50ef:89a9","","Stale","Hetzner"
"2001:2030:21::50ef:89a2","","Stale","Hetzner"
"2001:2030:21::50ef:89a1","","Stale","Hetzner"
"2001:2030:21::50ef:89a0","","Stale","Hetzner"
"2001:2030:21::50ef:899b","","Stale","Hetzner"
"2001:2030:21::50ef:899a","","Stale","Hetzner"
"2001:2030:21::50ef:8998","","Stale","Hetzner"
"2001:2030:21::50ef:898b","","Stale","Hetzner"
"2001:2030:21::50ef:898a","","Stale","Hetzner"
"2001:2030:21::50ef:8989","","Stale","Hetzner"
"2001:2030:21::50ef:8988","","Stale","Hetzner"
"2001:2030:21::3e73:fce8","","Stale","Hetzner"
"2001:2030:21::3e73:fce1","","Stale","Hetzner"
"2001:2030:21::3e73:fcd8","","Stale","Hetzner"
"2001:2030:21::3e73:fcd0","","Stale","Hetzner"
"2001:2030:21::3e73:fcbb","","Stale","Hetzner"
"2001:2030:21::3e73:fca0","","Stale","Hetzner"
"2001:2030:21::3e73:fc89","","Stale","Hetzner"
"2001:2030:21::3e73:fc63","","Unreachable","Hetzner"
"2001:2030:21::3e73:fc4b","","Stale","Hetzner"
"2001:2030:21::3e73:fc4a","","Stale","Hetzner"
"2001:2030:21::3e73:fc49","","Stale","Hetzner"
"2001:2030:21::3e73:fc48","","Stale","Hetzner"
"2001:2030:21::3e73:fc43","","Stale","Hetzner"
"2001:2030:21::3e73:fc42","","Stale","Hetzner"
"2001:2030:21::3e73:fc41","","Stale","Hetzner"
"2001:2030:21::3e73:fc38","","Stale","Hetzner"
"2001:2030:21::3e73:fc33","","Stale","Hetzner"
"2001:2030:21::3e73:fc23","","Stale","Hetzner"
"2001:2030:21::3e73:fc22","","Stale","Hetzner"
"2001:2030:21::3e73:fc21","","Stale","Hetzner"
"2001:2030:21::3e73:fc20","","Stale","Hetzner"
"2001:2030:21::3e73:fc1b","","Stale","Hetzner"
"2001:2030:21::3e73:fc19","","Stale","Hetzner"
"2001:2030:21::3e73:fc18","","Stale","Hetzner"
"2001:2030:21::3e73:fc10","","Stale","Hetzner"
"2001:2030:21::3e73:fc0a","","Stale","Hetzner"
"2001:2030:21::3e73:fc08","","Stale","Hetzner"
"2001:478:65::53","","Stale","Hetzner"
"::","","Permanent","Hetzner"
"ff02::1:2","","Permanent","Loopback Pseudo-Interface 1"
"ff02::16","","Permanent","Loopback Pseudo-Interface 1"
"224.0.0.252","01-00-5E-00-00-FC","Permanent","Ethernet 3"
"224.0.0.251","01-00-5E-00-00-FB","Permanent","Ethernet 3"
"224.0.0.22","01-00-5E-00-00-16","Permanent","Ethernet 3"
"192.168.33.255","FF-FF-FF-FF-FF-FF","Permanent","Ethernet 3"
"224.0.0.252","01-00-5E-00-00-FC","Permanent","Ethernet 2"
"224.0.0.251","01-00-5E-00-00-FB","Permanent","Ethernet 2"
"224.0.0.22","01-00-5E-00-00-16","Permanent","Ethernet 2"
"224.0.0.22","01-00-5E-00-00-16","Permanent","Local Area Connection* 3"
"239.255.255.250","","Permanent","Hetzner"
"224.0.0.252","","Permanent","Hetzner"
"224.0.0.251","","Permanent","Hetzner"
"224.0.0.22","","Permanent","Hetzner"
"216.239.38.223","","Unreachable","Hetzner"
"216.239.36.223","","Unreachable","Hetzner"
"216.239.34.223","","Stale","Hetzner"
"216.239.34.159","","Stale","Hetzner"
"216.239.34.157","","Stale","Hetzner"
"216.239.32.223","","Stale","Hetzner"
"216.239.32.3","","Unreachable","Hetzner"
"216.58.210.182","","Stale","Hetzner"
"216.58.210.174","","Unreachable","Hetzner"
"216.58.210.170","","Unreachable","Hetzner"
"216.58.210.150","","Stale","Hetzner"
"216.58.210.142","","Unreachable","Hetzner"
"216.58.210.138","","Unreachable","Hetzner"
"216.58.210.132","","Unreachable","Hetzner"
"216.58.210.131","","Unreachable","Hetzner"
"216.58.209.214","","Stale","Hetzner"
"216.58.209.206","","Unreachable","Hetzner"
"216.58.209.202","","Unreachable","Hetzner"
"216.58.209.200","","Stale","Hetzner"
"216.58.209.195","","Unreachable","Hetzner"
"216.58.209.182","","Unreachable","Hetzner"
"216.58.209.174","","Unreachable","Hetzner"
"216.58.209.170","","Unreachable","Hetzner"
"216.58.209.164","","Stale","Hetzner"
"216.58.209.161","","Stale","Hetzner"
"212.229.88.53","","Stale","Hetzner"
"212.229.88.52","","Stale","Hetzner"
"212.229.88.51","","Stale","Hetzner"
"212.229.88.50","","Unreachable","Hetzner"
"208.103.161.2","","Unreachable","Hetzner"
"208.103.161.1","","Reachable","Hetzner"
"204.155.159.109","","Stale","Hetzner"
"204.79.197.254","","Stale","Hetzner"
"204.79.197.222","","Stale","Hetzner"
"204.79.197.203","","Unreachable","Hetzner"
"199.232.174.251","","Stale","Hetzner"
"199.232.174.250","","Stale","Hetzner"
"199.232.174.248","","Stale","Hetzner"
"199.232.174.172","","Unreachable","Hetzner"
"199.232.174.132","","Stale","Hetzner"
"199.232.173.140","","Stale","Hetzner"
"199.232.173.91","","Unreachable","Hetzner"
"199.232.172.193","","Stale","Hetzner"
"194.82.47.42","","Stale","Hetzner"
"194.82.46.42","","Stale","Hetzner"
"192.228.79.201","","Stale","Hetzner"
"192.168.0.253","","Stale","Hetzner"
"185.199.111.154","","Stale","Hetzner"
"185.199.111.153","","Stale","Hetzner"
"185.199.111.133","","Stale","Hetzner"
"185.199.110.154","","Stale","Hetzner"
"185.199.110.153","","Stale","Hetzner"
"185.199.110.133","","Unreachable","Hetzner"
"185.199.109.154","","Stale","Hetzner"
"185.199.109.153","","Stale","Hetzner"
"185.199.109.133","","Stale","Hetzner"
"185.199.108.154","","Stale","Hetzner"
"185.199.108.153","","Stale","Hetzner"
"185.199.108.133","","Stale","Hetzner"
"184.72.105.205","","Stale","Hetzner"
"184.24.145.128","","Unreachable","Hetzner"
"173.194.222.188","","Reachable","Hetzner"
"173.194.222.84","","Unreachable","Hetzner"
"172.211.159.152","","Unreachable","Hetzner"
"172.205.25.163","","Unreachable","Hetzner"
"172.202.65.254","","Stale","Hetzner"
"172.202.64.254","","Stale","Hetzner"
"172.67.140.106","","Stale","Hetzner"
"172.67.74.128","","Stale","Hetzner"
"172.67.72.199","","Stale","Hetzner"
"172.67.69.25","","Stale","Hetzner"
"172.66.154.49","","Stale","Hetzner"
"172.66.2.5","","Stale","Hetzner"
"172.66.1.120","","Stale","Hetzner"
"172.64.151.167","","Stale","Hetzner"
"172.64.150.129","","Stale","Hetzner"
"172.64.146.215","","Stale","Hetzner"
"170.114.52.5","","Stale","Hetzner"
"162.159.142.9","","Unreachable","Hetzner"
"162.159.141.124","","Stale","Hetzner"
"162.159.138.234","","Stale","Hetzner"
"162.159.138.232","","Unreachable","Hetzner"
"162.159.137.234","","Stale","Hetzner"
"162.159.137.232","","Unreachable","Hetzner"
"162.159.136.234","","Stale","Hetzner"
"162.159.136.232","","Unreachable","Hetzner"
"162.159.135.234","","Stale","Hetzner"
"162.159.135.233","","Unreachable","Hetzner"
"162.159.135.232","","Unreachable","Hetzner"
"162.159.134.234","","Stale","Hetzner"
"162.159.134.233","","Unreachable","Hetzner"
"162.159.134.232","","Stale","Hetzner"
"162.159.133.234","","Stale","Hetzner"
"162.159.133.233","","Unreachable","Hetzner"
"162.159.133.232","","Unreachable","Hetzner"
"162.159.130.235","","Stale","Hetzner"
"162.159.130.234","","Reachable","Hetzner"
"162.159.130.233","","Unreachable","Hetzner"
"162.159.130.232","","Stale","Hetzner"
"162.159.129.235","","Stale","Hetzner"
"162.159.129.233","","Unreachable","Hetzner"
"162.159.129.232","","Stale","Hetzner"
"162.159.128.235","","Stale","Hetzner"
"162.159.128.233","","Unreachable","Hetzner"
"162.159.128.232","","Stale","Hetzner"
"157.240.205.11","","Stale","Hetzner"
"150.171.74.16","","Stale","Hetzner"
"150.171.73.16","","Stale","Hetzner"
"150.171.28.11","","Stale","Hetzner"
"150.171.27.11","","Stale","Hetzner"
"150.171.22.17","","Stale","Hetzner"
"142.251.157.119","","Unreachable","Hetzner"
"142.251.156.119","","Stale","Hetzner"
"142.251.155.119","","Stale","Hetzner"
"142.251.154.119","","Stale","Hetzner"
"142.251.153.119","","Stale","Hetzner"
"142.251.152.119","","Stale","Hetzner"
"142.251.151.119","","Stale","Hetzner"
"142.251.150.119","","Stale","Hetzner"
"142.251.40.142","","Unreachable","Hetzner"
"142.251.38.86","","Stale","Hetzner"
"142.251.38.84","","Unreachable","Hetzner"
"142.251.38.78","","Probe","Hetzner"
"142.251.38.74","","Unreachable","Hetzner"
"142.251.38.68","","Unreachable","Hetzner"
"142.251.38.67","","Stale","Hetzner"
"142.251.38.66","","Stale","Hetzner"
"142.250.181.227","","Unreachable","Hetzner"
"140.82.121.9","","Stale","Hetzner"
"140.82.121.6","","Stale","Hetzner"
"140.82.121.5","","Reachable","Hetzner"
"140.82.121.4","","Reachable","Hetzner"
"140.82.121.3","","Stale","Hetzner"
"140.82.114.26","","Stale","Hetzner"
"140.82.114.25","","Stale","Hetzner"
"140.82.114.22","","Stale","Hetzner"
"140.82.114.21","","Reachable","Hetzner"
"140.82.113.25","","Stale","Hetzner"
"140.82.113.22","","Stale","Hetzner"
"140.82.113.21","","Stale","Hetzner"
"140.82.112.26","","Stale","Hetzner"
"140.82.112.22","","Stale","Hetzner"
"140.82.112.21","","Reachable","Hetzner"
"136.144.57.121","","Stale","Hetzner"
"135.233.45.221","","Stale","Hetzner"
"134.33.185.98","","Stale","Hetzner"
"134.33.4.17","","Stale","Hetzner"
"132.196.74.210","","Stale","Hetzner"
"130.213.27.179","","Stale","Hetzner"
"128.251.172.13","","Stale","Hetzner"
"109.176.239.70","","Stale","Hetzner"
"109.176.239.69","","Stale","Hetzner"
"109.61.38.38","","Unreachable","Hetzner"
"108.156.22.122","","Stale","Hetzner"
"108.156.22.100","","Stale","Hetzner"
"108.156.22.99","","Stale","Hetzner"
"108.156.22.96","","Stale","Hetzner"
"108.156.22.72","","Stale","Hetzner"
"108.156.22.44","","Stale","Hetzner"
"108.156.22.25","","Stale","Hetzner"
"108.156.22.21","","Stale","Hetzner"
"108.156.22.16","","Stale","Hetzner"
"108.156.22.13","","Stale","Hetzner"
"108.156.22.2","","Stale","Hetzner"
"104.208.16.92","","Stale","Hetzner"
"104.208.16.91","","Stale","Hetzner"
"104.208.16.90","","Stale","Hetzner"
"104.126.37.185","","Stale","Hetzner"
"104.126.37.178","","Stale","Hetzner"
"104.126.37.177","","Stale","Hetzner"
"104.126.37.176","","Stale","Hetzner"
"104.126.37.171","","Stale","Hetzner"
"104.126.37.170","","Stale","Hetzner"
"104.126.37.163","","Stale","Hetzner"
"104.126.37.162","","Stale","Hetzner"
"104.126.37.161","","Stale","Hetzner"
"104.126.37.160","","Stale","Hetzner"
"104.126.37.155","","Stale","Hetzner"
"104.126.37.154","","Stale","Hetzner"
"104.126.37.153","","Stale","Hetzner"
"104.126.37.145","","Unreachable","Hetzner"
"104.126.37.139","","Stale","Hetzner"
"104.126.37.137","","Stale","Hetzner"
"104.126.37.136","","Stale","Hetzner"
"104.126.37.131","","Stale","Hetzner"
"104.126.37.130","","Stale","Hetzner"
"104.126.37.128","","Unreachable","Hetzner"
"104.126.37.123","","Stale","Hetzner"
"104.46.162.226","","Stale","Hetzner"
"104.29.159.155","","Unreachable","Hetzner"
"104.29.159.153","","Unreachable","Hetzner"
"104.29.159.152","","Unreachable","Hetzner"
"104.29.159.151","","Unreachable","Hetzner"
"104.29.159.150","","Unreachable","Hetzner"
"104.29.156.245","","Unreachable","Hetzner"
"104.29.156.232","","Unreachable","Hetzner"
"104.29.153.170","","Unreachable","Hetzner"
"104.29.153.167","","Unreachable","Hetzner"
"104.29.153.160","","Unreachable","Hetzner"
"104.29.153.155","","Unreachable","Hetzner"
"104.29.147.218","","Unreachable","Hetzner"
"104.29.147.201","","Unreachable","Hetzner"
"104.29.147.183","","Unreachable","Hetzner"
"104.29.146.139","","Unreachable","Hetzner"
"104.29.146.108","","Unreachable","Hetzner"
"104.29.144.91","","Unreachable","Hetzner"
"104.29.144.24","","Unreachable","Hetzner"
"104.29.136.203","","Unreachable","Hetzner"
"104.29.136.189","","Unreachable","Hetzner"
"104.29.136.183","","Unreachable","Hetzner"
"104.29.136.170","","Unreachable","Hetzner"
"104.29.136.169","","Unreachable","Hetzner"
"104.26.11.146","","Stale","Hetzner"
"104.26.10.146","","Stale","Hetzner"
"104.26.9.180","","Stale","Hetzner"
"104.26.8.180","","Stale","Hetzner"
"104.26.5.133","","Stale","Hetzner"
"104.26.4.133","","Stale","Hetzner"
"104.21.46.155","","Stale","Hetzner"
"104.20.17.203","","Stale","Hetzner"
"104.18.41.41","","Stale","Hetzner"
"104.18.37.127","","Stale","Hetzner"
"104.18.36.89","","Stale","Hetzner"
"104.18.29.234","","Unreachable","Hetzner"
"104.18.28.234","","Unreachable","Hetzner"
"104.17.210.85","","Stale","Hetzner"
"104.17.209.85","","Stale","Hetzner"
"98.66.133.184","","Unreachable","Hetzner"
"92.123.135.139","","Stale","Hetzner"
"92.122.215.53","","Stale","Hetzner"
"92.122.215.2","","Stale","Hetzner"
"85.210.247.132","","Stale","Hetzner"
"80.80.80.80","","Stale","Hetzner"
"74.178.240.61","","Stale","Hetzner"
"74.178.232.29","","Stale","Hetzner"
"74.125.131.188","","Stale","Hetzner"
"72.154.7.110","","Stale","Hetzner"
"72.154.7.109","","Stale","Hetzner"
"72.153.5.131","","Stale","Hetzner"
"72.145.35.144","","Stale","Hetzner"
"72.145.26.148","","Stale","Hetzner"
"64.233.162.188","","Reachable","Hetzner"
"63.182.154.7","","Stale","Hetzner"
"63.181.68.189","","Stale","Hetzner"
"54.235.101.7","","Stale","Hetzner"
"54.231.236.161","","Stale","Hetzner"
"54.231.203.185","","Stale","Hetzner"
"54.231.199.65","","Stale","Hetzner"
"54.231.199.49","","Stale","Hetzner"
"54.231.161.25","","Stale","Hetzner"
"52.217.225.73","","Stale","Hetzner"
"52.217.202.169","","Stale","Hetzner"
"52.217.196.1","","Stale","Hetzner"
"52.217.135.121","","Stale","Hetzner"
"52.217.134.129","","Stale","Hetzner"
"52.217.124.81","","Stale","Hetzner"
"52.217.114.81","","Stale","Hetzner"
"52.217.95.217","","Stale","Hetzner"
"52.217.64.44","","Stale","Hetzner"
"52.216.220.113","","Stale","Hetzner"
"52.216.92.123","","Stale","Hetzner"
"52.216.52.9","","Stale","Hetzner"
"52.216.38.209","","Stale","Hetzner"
"52.182.143.215","","Stale","Hetzner"
"52.182.143.214","","Stale","Hetzner"
"52.182.143.213","","Stale","Hetzner"
"52.182.143.211","","Stale","Hetzner"
"52.182.143.209","","Stale","Hetzner"
"52.182.141.63","","Stale","Hetzner"
"52.168.117.168","","Stale","Hetzner"
"52.168.112.66","","Stale","Hetzner"
"52.156.99.28","","Stale","Hetzner"
"52.123.245.67","","Stale","Hetzner"
"52.123.245.66","","Stale","Hetzner"
"52.123.245.65","","Stale","Hetzner"
"52.123.245.64","","Stale","Hetzner"
"52.123.240.156","","Stale","Hetzner"
"52.123.240.155","","Stale","Hetzner"
"52.123.240.144","","Stale","Hetzner"
"52.123.240.135","","Stale","Hetzner"
"52.123.240.116","","Unreachable","Hetzner"
"52.123.240.110","","Stale","Hetzner"
"52.123.240.109","","Stale","Hetzner"
"52.123.240.108","","Stale","Hetzner"
"52.123.240.106","","Unreachable","Hetzner"
"52.123.240.90","","Stale","Hetzner"
"52.123.240.84","","Stale","Hetzner"
"52.123.240.83","","Stale","Hetzner"
"52.123.240.81","","Stale","Hetzner"
"52.123.240.74","","Stale","Hetzner"
"52.123.240.72","","Stale","Hetzner"
"52.123.240.64","","Stale","Hetzner"
"52.123.240.56","","Stale","Hetzner"
"52.123.240.37","","Stale","Hetzner"
"52.123.240.23","","Stale","Hetzner"
"52.123.240.18","","Stale","Hetzner"
"52.123.240.12","","Stale","Hetzner"
"52.123.240.11","","Stale","Hetzner"
"52.123.129.14","","Stale","Hetzner"
"52.123.128.14","","Stale","Hetzner"
"52.113.196.254","","Stale","Hetzner"
"52.111.243.8","","Stale","Hetzner"
"52.110.18.35","","Stale","Hetzner"
"52.110.18.34","","Stale","Hetzner"
"52.110.18.33","","Stale","Hetzner"
"52.110.18.32","","Stale","Hetzner"
"52.110.0.139","","Stale","Hetzner"
"52.110.0.86","","Stale","Hetzner"
"52.110.0.75","","Stale","Hetzner"
"52.110.0.63","","Stale","Hetzner"
"52.110.0.50","","Stale","Hetzner"
"52.110.0.26","","Stale","Hetzner"
"52.110.0.11","","Stale","Hetzner"
"52.110.0.7","","Stale","Hetzner"
"52.109.89.119","","Stale","Hetzner"
"52.109.68.130","","Stale","Hetzner"
"52.109.28.48","","Stale","Hetzner"
"52.98.232.2","","Stale","Hetzner"
"52.98.231.242","","Stale","Hetzner"
"52.97.200.162","","Stale","Hetzner"
"52.97.200.130","","Stale","Hetzner"
"52.97.176.34","","Stale","Hetzner"
"52.97.163.2","","Stale","Hetzner"
"52.86.181.185","","Stale","Hetzner"
"52.84.150.57","","Stale","Hetzner"
"52.84.150.52","","Stale","Hetzner"
"52.84.150.39","","Stale","Hetzner"
"52.84.150.35","","Stale","Hetzner"
"52.84.50.122","","Unreachable","Hetzner"
"52.84.50.36","","Stale","Hetzner"
"52.84.50.27","","Stale","Hetzner"
"52.84.50.6","","Stale","Hetzner"
"52.57.31.159","","Stale","Hetzner"
"52.54.96.194","","Stale","Hetzner"
"51.132.193.105","","Stale","Hetzner"
"51.132.193.104","","Stale","Hetzner"
"51.105.71.137","","Stale","Hetzner"
"51.104.136.2","","Stale","Hetzner"
"51.104.15.253","","Stale","Hetzner"
"50.19.89.137","","Stale","Hetzner"
"48.209.108.40","","Unreachable","Hetzner"
"48.209.108.32","","Unreachable","Hetzner"
"46.62.149.58","","Stale","Hetzner"
"44.215.234.239","","Stale","Hetzner"
"40.127.240.158","","Stale","Hetzner"
"40.126.53.25","","Stale","Hetzner"
"40.126.53.24","","Stale","Hetzner"
"40.126.53.19","","Stale","Hetzner"
"40.126.53.18","","Stale","Hetzner"
"40.126.53.17","","Unreachable","Hetzner"
"40.126.53.16","","Stale","Hetzner"
"40.126.53.15","","Stale","Hetzner"
"40.126.53.13","","Stale","Hetzner"
"40.126.53.12","","Stale","Hetzner"
"40.126.53.10","","Stale","Hetzner"
"40.126.53.9","","Stale","Hetzner"
"40.126.53.8","","Stale","Hetzner"
"40.126.53.7","","Unreachable","Hetzner"
"40.126.53.6","","Stale","Hetzner"
"40.101.121.34","","Stale","Hetzner"
"40.99.205.34","","Stale","Hetzner"
"40.99.205.2","","Stale","Hetzner"
"40.99.204.242","","Stale","Hetzner"
"40.99.204.226","","Stale","Hetzner"
"40.99.204.162","","Stale","Hetzner"
"40.99.204.146","","Stale","Hetzner"
"40.99.204.130","","Stale","Hetzner"
"40.99.204.114","","Stale","Hetzner"
"40.99.204.82","","Stale","Hetzner"
"40.99.204.50","","Stale","Hetzner"
"40.99.204.34","","Stale","Hetzner"
"40.99.204.18","","Stale","Hetzner"
"40.79.197.34","","Stale","Hetzner"
"40.79.167.8","","Stale","Hetzner"
"40.79.141.152","","Stale","Hetzner"
"35.227.225.220","","Unreachable","Hetzner"
"35.217.47.254","","Unreachable","Hetzner"
"35.217.26.127","","Unreachable","Hetzner"
"35.217.23.172","","Unreachable","Hetzner"
"35.217.20.185","","Unreachable","Hetzner"
"35.217.20.11","","Unreachable","Hetzner"
"35.190.80.1","","Unreachable","Hetzner"
"35.186.224.39","","Stale","Hetzner"
"35.186.224.34","","Reachable","Hetzner"
"35.186.224.28","","Unreachable","Hetzner"
"35.186.224.24","","Unreachable","Hetzner"
"35.173.69.207","","Stale","Hetzner"
"34.237.219.119","","Stale","Hetzner"
"34.228.45.57","","Stale","Hetzner"
"34.198.52.31","","Stale","Hetzner"
"34.162.18.59","","Stale","Hetzner"
"34.160.81.0","","Unreachable","Hetzner"
"34.158.1.133","","Unreachable","Hetzner"
"34.110.164.207","","Unreachable","Hetzner"
"34.104.35.123","","Unreachable","Hetzner"
"34.15.6.101","","Stale","Hetzner"
"34.1.15.89","","Stale","Hetzner"
"34.0.132.167","","Stale","Hetzner"
"31.13.72.12","","Stale","Hetzner"
"23.220.113.159","","Stale","Hetzner"
"23.216.134.114","","Stale","Hetzner"
"23.216.77.185","","Stale","Hetzner"
"23.216.77.183","","Stale","Hetzner"
"23.216.77.182","","Stale","Hetzner"
"23.216.77.181","","Stale","Hetzner"
"23.216.77.180","","Stale","Hetzner"
"23.216.77.179","","Stale","Hetzner"
"23.216.77.177","","Stale","Hetzner"
"23.216.77.176","","Stale","Hetzner"
"23.216.77.174","","Stale","Hetzner"
"23.216.77.173","","Stale","Hetzner"
"23.216.77.172","","Stale","Hetzner"
"23.216.77.171","","Stale","Hetzner"
"23.216.77.170","","Stale","Hetzner"
"23.216.77.169","","Stale","Hetzner"
"23.216.77.167","","Stale","Hetzner"
"23.216.77.166","","Stale","Hetzner"
"23.216.77.165","","Stale","Hetzner"
"23.216.77.164","","Stale","Hetzner"
"23.216.77.163","","Stale","Hetzner"
"23.216.77.162","","Stale","Hetzner"
"23.216.77.161","","Stale","Hetzner"
"23.216.77.160","","Stale","Hetzner"
"23.216.77.159","","Stale","Hetzner"
"23.216.77.157","","Stale","Hetzner"
"23.216.77.153","","Stale","Hetzner"
"23.216.77.151","","Stale","Hetzner"
"23.216.77.149","","Stale","Hetzner"
"23.216.77.148","","Stale","Hetzner"
"23.216.77.147","","Stale","Hetzner"
"23.216.77.146","","Stale","Hetzner"
"23.216.77.145","","Stale","Hetzner"
"23.216.77.144","","Stale","Hetzner"
"23.216.77.143","","Stale","Hetzner"
"23.216.77.142","","Stale","Hetzner"
"23.216.77.141","","Stale","Hetzner"
"23.216.77.140","","Stale","Hetzner"
"23.216.77.139","","Stale","Hetzner"
"23.216.77.138","","Stale","Hetzner"
"23.216.77.137","","Stale","Hetzner"
"23.216.77.135","","Stale","Hetzner"
"23.216.77.132","","Stale","Hetzner"
"23.215.2.144","","Stale","Hetzner"
"23.215.2.132","","Stale","Hetzner"
"23.215.2.113","","Stale","Hetzner"
"23.215.2.101","","Stale","Hetzner"
"23.209.210.54","","Unreachable","Hetzner"
"23.209.209.135","","Unreachable","Hetzner"
"20.231.128.67","","Unreachable","Hetzner"
"20.231.128.66","","Stale","Hetzner"
"20.231.128.65","","Stale","Hetzner"
"20.223.36.55","","Stale","Hetzner"
"20.223.35.26","","Stale","Hetzner"
"20.199.58.43","","Stale","Hetzner"
"20.190.181.23","","Unreachable","Hetzner"
"20.190.181.6","","Stale","Hetzner"
"20.190.181.5","","Stale","Hetzner"
"20.190.181.4","","Stale","Hetzner"
"20.190.181.2","","Stale","Hetzner"
"20.190.181.1","","Unreachable","Hetzner"
"20.190.181.0","","Stale","Hetzner"
"20.190.177.149","","Stale","Hetzner"
"20.190.177.148","","Stale","Hetzner"
"20.190.177.147","","Stale","Hetzner"
"20.190.177.146","","Stale","Hetzner"
"20.190.177.85","","Stale","Hetzner"
"20.190.177.84","","Stale","Hetzner"
"20.190.177.82","","Stale","Hetzner"
"20.190.177.23","","Stale","Hetzner"
"20.190.177.21","","Unreachable","Hetzner"
"20.190.177.20","","Stale","Hetzner"
"20.190.177.19","","Stale","Hetzner"
"20.190.147.12","","Stale","Hetzner"
"20.190.147.11","","Stale","Hetzner"
"20.190.147.10","","Stale","Hetzner"
"20.190.147.9","","Stale","Hetzner"
"20.190.147.8","","Stale","Hetzner"
"20.190.147.7","","Unreachable","Hetzner"
"20.190.147.6","","Stale","Hetzner"
"20.190.147.5","","Stale","Hetzner"
"20.190.147.4","","Stale","Hetzner"
"20.190.147.3","","Stale","Hetzner"
"20.190.147.2","","Stale","Hetzner"
"20.190.147.1","","Stale","Hetzner"
"20.190.147.0","","Stale","Hetzner"
"20.189.173.23","","Stale","Hetzner"
"20.189.173.12","","Unreachable","Hetzner"
"20.189.173.7","","Stale","Hetzner"
"20.189.173.4","","Stale","Hetzner"
"20.189.172.76","","Stale","Hetzner"
"20.189.172.73","","Stale","Hetzner"
"20.189.172.33","","Stale","Hetzner"
"20.189.172.32","","Stale","Hetzner"
"20.165.94.54","","Stale","Hetzner"
"20.105.99.58","","Stale","Hetzner"
"20.103.156.88","","Stale","Hetzner"
"20.74.19.45","","Stale","Hetzner"
"20.54.232.160","","Unreachable","Hetzner"
"20.52.64.201","","Stale","Hetzner"
"20.52.64.200","","Unreachable","Hetzner"
"20.50.73.11","","Stale","Hetzner"
"20.44.10.123","","Stale","Hetzner"
"20.42.73.27","","Reachable","Hetzner"
"20.42.73.25","","Unreachable","Hetzner"
"20.42.73.24","","Stale","Hetzner"
"20.42.65.94","","Stale","Hetzner"
"20.42.65.91","","Stale","Hetzner"
"20.42.65.90","","Stale","Hetzner"
"20.42.65.89","","Unreachable","Hetzner"
"20.42.65.88","","Stale","Hetzner"
"20.42.65.85","","Stale","Hetzner"
"20.20.32.96","","Stale","Hetzner"
"18.214.252.60","","Stale","Hetzner"
"18.208.125.13","","Stale","Hetzner"
"18.196.45.98","","Stale","Hetzner"
"18.165.122.93","","Stale","Hetzner"
"18.165.122.70","","Stale","Hetzner"
"18.165.122.60","","Stale","Hetzner"
"18.165.122.49","","Stale","Hetzner"
"18.165.122.43","","Stale","Hetzner"
"18.165.122.35","","Stale","Hetzner"
"18.165.122.29","","Stale","Hetzner"
"18.165.122.24","","Stale","Hetzner"
"18.165.122.18","","Stale","Hetzner"
"18.165.122.10","","Stale","Hetzner"
"18.165.122.7","","Stale","Hetzner"
"18.165.122.3","","Stale","Hetzner"
"16.182.98.17","","Stale","Hetzner"
"16.15.223.178","","Stale","Hetzner"
"16.15.217.234","","Stale","Hetzner"
"16.15.203.161","","Stale","Hetzner"
"16.15.199.184","","Stale","Hetzner"
"16.15.191.116","","Stale","Hetzner"
"16.15.188.175","","Stale","Hetzner"
"16.15.188.163","","Stale","Hetzner"
"16.15.186.208","","Stale","Hetzner"
"16.15.186.19","","Stale","Hetzner"
"16.15.184.183","","Stale","Hetzner"
"16.15.178.187","","Stale","Hetzner"
"16.15.177.130","","Stale","Hetzner"
"13.107.253.67","","Unreachable","Hetzner"
"13.107.246.254","","Stale","Hetzner"
"13.107.246.53","","Stale","Hetzner"
"13.107.246.45","","Unreachable","Hetzner"
"13.107.226.67","","Stale","Hetzner"
"13.107.213.254","","Unreachable","Hetzner"
"13.107.213.53","","Stale","Hetzner"
"13.107.213.45","","Reachable","Hetzner"
"13.107.42.254","","Stale","Hetzner"
"13.107.6.254","","Stale","Hetzner"
"13.107.5.93","","Stale","Hetzner"
"13.95.31.18","","Stale","Hetzner"
"13.89.179.14","","Stale","Hetzner"
"13.89.179.13","","Stale","Hetzner"
"13.89.179.9","","Stale","Hetzner"
"13.89.179.8","","Stale","Hetzner"
"13.89.178.27","","Stale","Hetzner"
"13.89.178.26","","Stale","Hetzner"
"13.69.239.79","","Stale","Hetzner"
"13.69.116.107","","Stale","Hetzner"
"13.69.116.105","","Stale","Hetzner"
"13.69.109.131","","Stale","Hetzner"
"13.69.109.130","","Stale","Hetzner"
"10.66.66.1","","Unreachable","Hetzner"
"8.8.8.8","","Stale","Hetzner"
"4.231.128.59","","Stale","Hetzner"
"4.225.11.192","","Stale","Hetzner"
"4.208.231.73","","Stale","Hetzner"
"4.208.165.247","","Unreachable","Hetzner"
"4.208.165.242","","Unreachable","Hetzner"
"4.178.154.69","","Stale","Hetzner"
"3.228.185.195","","Stale","Hetzner"
"3.215.172.219","","Stale","Hetzner"
"3.174.113.70","","Stale","Hetzner"
"3.174.113.45","","Unreachable","Hetzner"
"3.174.113.11","","Unreachable","Hetzner"
"3.174.113.2","","Unreachable","Hetzner"
"3.164.206.84","","Stale","Hetzner"
"3.164.206.34","","Stale","Hetzner"
"3.164.206.33","","Stale","Hetzner"
"3.164.206.8","","Stale","Hetzner"
"3.126.179.95","","Stale","Hetzner"
"3.121.82.171","","Stale","Hetzner"
"3.92.120.28","","Stale","Hetzner"
"3.75.169.212","","Stale","Hetzner"
"3.69.93.234","","Stale","Hetzner"
"3.5.30.255","","Stale","Hetzner"
"3.5.29.52","","Stale","Hetzner"
"3.5.29.28","","Stale","Hetzner"
"3.5.28.117","","Stale","Hetzner"
"3.5.28.62","","Stale","Hetzner"
"3.5.25.230","","Stale","Hetzner"
"3.5.8.118","","Stale","Hetzner"
"3.5.1.111","","Stale","Hetzner"
"3.5.0.10","","Stale","Hetzner"
"2.23.227.221","","Unreachable","Hetzner"
"2.23.227.208","","Stale","Hetzner"
"2.23.90.148","","Unreachable","Hetzner"
"2.23.90.38","","Unreachable","Hetzner"
"2.23.89.249","","Stale","Hetzner"
"2.23.89.205","","Unreachable","Hetzner"
"2.22.50.156","","Stale","Hetzner"
"2.22.50.153","","Stale","Hetzner"
"2.22.50.152","","Stale","Hetzner"
"2.22.50.150","","Stale","Hetzner"
"2.22.50.148","","Stale","Hetzner"
"2.22.50.146","","Stale","Hetzner"
"2.22.50.145","","Stale","Hetzner"
"2.22.50.144","","Stale","Hetzner"
"2.22.50.141","","Stale","Hetzner"
"2.22.50.140","","Stale","Hetzner"
"2.22.50.139","","Stale","Hetzner"
"2.22.50.137","","Stale","Hetzner"
"2.22.50.135","","Reachable","Hetzner"
"2.22.50.134","","Stale","Hetzner"
"2.22.50.133","","Stale","Hetzner"
"2.22.50.122","","Stale","Hetzner"
"2.22.50.121","","Stale","Hetzner"
"2.22.50.120","","Stale","Hetzner"
"2.22.50.119","","Stale","Hetzner"
"2.22.50.118","","Stale","Hetzner"
"2.22.50.117","","Stale","Hetzner"
"2.22.50.116","","Stale","Hetzner"
"2.22.50.113","","Stale","Hetzner"
"2.22.50.111","","Stale","Hetzner"
"2.22.50.107","","Stale","Hetzner"
"2.22.50.105","","Stale","Hetzner"
"2.22.50.104","","Stale","Hetzner"
"2.22.50.103","","Stale","Hetzner"
"2.22.50.100","","Stale","Hetzner"
"2.22.50.98","","Stale","Hetzner"
"2.20.143.113","","Stale","Hetzner"
"2.20.143.112","","Stale","Hetzner"
"2.20.143.40","","Unreachable","Hetzner"
"2.20.142.187","","Stale","Hetzner"
"2.20.142.186","","Stale","Hetzner"
"2.20.142.185","","Unreachable","Hetzner"
"2.20.142.184","","Stale","Hetzner"
"2.20.142.181","","Stale","Hetzner"
"2.20.142.180","","Stale","Hetzner"
"2.20.142.179","","Stale","Hetzner"
"2.20.142.178","","Stale","Hetzner"
"2.20.142.162","","Stale","Hetzner"
"2.20.142.3","","Stale","Hetzner"
"2.19.126.222","","Stale","Hetzner"
"2.19.126.212","","Stale","Hetzner"
"2.19.126.196","","Stale","Hetzner"
"2.19.126.162","","Stale","Hetzner"
"2.19.126.159","","Stale","Hetzner"
"2.19.126.157","","Stale","Hetzner"
"2.19.126.148","","Stale","Hetzner"
"2.19.126.140","","Stale","Hetzner"
"2.19.126.136","","Stale","Hetzner"
"2.19.126.134","","Stale","Hetzner"
"2.19.126.133","","Stale","Hetzner"
"2.17.251.184","","Stale","Hetzner"
"2.17.251.110","","Unreachable","Hetzner"
"2.17.251.96","","Stale","Hetzner"
"2.17.251.26","","Stale","Hetzner"
"2.17.251.8","","Stale","Hetzner"
"2.17.190.73","","Stale","Hetzner"
"2.16.241.218","","Stale","Hetzner"
"2.16.241.205","","Stale","Hetzner"
"2.16.241.201","","Unreachable","Hetzner"
"2.16.238.149","","Stale","Hetzner"
"2.16.238.138","","Stale","Hetzner"
"2.16.168.219","","Stale","Hetzner"
"2.16.168.213","","Stale","Hetzner"
"2.16.168.211","","Stale","Hetzner"
"2.16.168.209","","Stale","Hetzner"
"2.16.168.208","","Stale","Hetzner"
"2.16.168.206","","Stale","Hetzner"
"2.16.168.201","","Stale","Hetzner"
"2.16.168.199","","Stale","Hetzner"
"2.16.168.196","","Stale","Hetzner"
"2.16.56.94","","Stale","Hetzner"
"2.16.56.91","","Stale","Hetzner"
"2.16.56.88","","Stale","Hetzner"
"2.16.56.87","","Unreachable","Hetzner"
"2.16.56.81","","Unreachable","Hetzner"
"2.16.56.80","","Stale","Hetzner"
"2.16.56.74","","Stale","Hetzner"
"2.16.56.71","","Stale","Hetzner"
"2.16.56.53","","Stale","Hetzner"
"2.16.56.41","","Stale","Hetzner"
"0.0.0.0","","Permanent","Hetzner"
"255.255.255.255","FF-FF-FF-FF-FF-FF","Permanent","WiFi"
"224.0.0.22","01-00-5E-00-00-16","Permanent","WiFi"
"192.168.0.1","E8-76-40-DC-71-E1","Reachable","WiFi"
"10.199.192.1","00-00-00-00-00-00","Unreachable","WiFi"
"224.0.0.22","01-00-5E-00-00-16","Permanent","Ethernet"
"224.0.0.22","","Permanent","Loopback Pseudo-Interface 1"
